url,alias
https://www.google.com,11cb1jwns
https://www.youtube.com,elhpcv1d
https://www.facebook.com,xhcno9h
https://www.twitter.com,hd3rg9x
https://www.instagram.com,ebiq
https://www.linkedin.com,5bg39
https://www.reddit.com,i4oludcerf
https://www.wikipedia.org,0pq535j
https://www.amazon.com,
https://www.netflix.com,qv76beai6l
https://www.apple.com,
https://www.microsoft.com,2qvt7tw79o
https://www.tesla.com,3us7q
https://www.nytimes.com,f008
https://www.bbc.com,
https://www.stackoverflow.com,m32z17ib5h
https://www.medium.com,03gb3p7
https://www.github.com,eenjq
https://openai.com,
https://www.quora.com,2if03c7nup
https://www.pinterest.com,k4ndw3wo
https://www.ebay.com,lbg29bmha2
https://www.adobe.com,4xnlc6
https://www.tumblr.com,
https://www.dropbox.com,82vi1ozf2
https://www.paypal.com,
https://www.slack.com,9ssc2m
https://www.spotify.com,tk5a1o1yly
https://www.salesforce.com,d9cj
https://www.airbnb.com,5qfdvmdx
https://www.booking.com,mt46aq
https://www.coursera.org,
https://www.khanacademy.org,lgaei0c8
https://www.udemy.com,2g451
https://www.codecademy.com,hhnlyo8rl
https://www.pluralsight.com,ns13
https://www.twitch.tv,398fp
https://www.roblox.com,
https://www.epicgames.com,l8o9e9
https://www.figma.com,rbb8
https://www.canva.com,1r4vg6
https://www.behance.net,6bzimavah
https://www.dribbble.com,pjxnehgxw3
https://www.trello.com,9uxks
https://www.notion.so,
https://www.asana.com,
https://www.zapier.com,ijwbqp
https://www.bitbucket.org,65ms9
https://www.gitlab.com,ixhv57w1b
https://www.heroku.com,6c51tyy07
https://example.com/site51,eyd5win
https://example.com/site52,
https://example.com/site53,kmhb0
https://example.com/site54,6v2d4d6
https://example.com/site55,lok2mgpk
https://example.com/site56,aknx
https://example.com/site57,x48poa47nt
https://example.com/site58,8nxl02tu6
https://example.com/site59,5dh2ko
https://example.com/site60,
https://example.com/site61,x2602kn4
https://example.com/site62,tzab
https://example.com/site63,jmjuxzn
https://example.com/site64,1gycca
https://example.com/site65,f5tzq6e6tc
https://example.com/site66,03yrk
https://example.com/site67,
https://example.com/site68,05aww
https://example.com/site69,6ekha3
https://example.com/site70,1ees1ws
https://example.com/site71,
https://example.com/site72,u8rf6zl
https://example.com/site73,kppk058z
https://example.com/site74,6m7h1kq3
https://example.com/site75,06e8
https://example.com/site76,h1yxb
https://example.com/site77,m7xu8g5cph
https://example.com/site78,iq8h2kedov
https://example.com/site79,1hxy2
https://example.com/site80,r3oai4
https://example.com/site81,gsce
https://example.com/site82,g2xabud64n
https://example.com/site83,
https://example.com/site84,a07i
https://example.com/site85,aixvtdwd
https://example.com/site86,
https://example.com/site87,rsgtr7
https://example.com/site88,i9z4aw
https://example.com/site89,
https://example.com/site90,f0q6t7a4a1
https://example.com/site91,
https://example.com/site92,exujjx7n
https://example.com/site93,iw7pfdjela
https://example.com/site94,nsg4
https://example.com/site95,yjbcbpb0
https://example.com/site96,wt8e
https://example.com/site97,wbmwqgi
https://example.com/site98,m9gau862
https://example.com/site99,hvef6o
https://example.com/site100,awsqt
